,close
2024-08-16,2468.23
2024-08-19,2493.18
2024-08-20,2459.89
2024-08-21,2467.27
2024-08-22,2444.02
2024-08-23,2445.24
2024-08-26,2461.18
2024-08-27,2441.84
2024-08-28,2434.77
2024-08-29,2452.18
2024-08-30,2479.08
2024-09-02,2434.3
2024-09-03,2447.81
2024-09-04,2404.68
2024-09-05,2401.84
2024-09-06,2376.54
2024-09-09,2341.85
2024-09-10,2329.44
2024-09-11,2340.1
2024-09-12,2334.43
2024-09-13,2325.36
2024-09-18,2346.26
2024-09-19,2400.45
2024-09-20,2408.96
2024-09-23,2410.25
2024-09-24,2522.09
2024-09-25,2547.31
2024-09-26,2654.64
2024-09-27,2762.69
2024-09-30,2979.78
2024-10-08,3053.02
2024-10-09,2815.99
2024-10-10,2853.66
2024-10-11,2788.2
2024-10-14,2851.84
2024-10-15,2771.33
2024-10-16,2782.38
2024-10-17,2731.52
2024-10-18,2795.71
2024-10-21,2829.42
2024-10-22,2852.9
2024-10-23,2872.8
2024-10-24,2829.52
2024-10-25,2862.98
2024-10-28,2900.11
2024-10-29,2846.22
2024-10-30,2830.81
2024-10-31,2822.97
2024-11-01,2880.1
2024-11-04,2900.88
2024-11-05,2977.05
2024-11-06,2991.54
2024-11-07,3012.77
2024-11-08,2994.88
2024-11-11,2992.9
2024-11-12,2958.56
2024-11-13,2969.75
2024-11-14,2889.73
2024-11-15,2846.06
2024-11-18,2822.04
2024-11-19,2880.43
2024-11-20,2894.61
2024-11-21,2894.98
2024-11-22,2807.54
2024-11-25,2797.92
2024-11-26,2773.79
2024-11-27,2807.86
2024-11-28,2777.95
2024-11-29,2805.19
2024-12-02,2833.92
2024-12-03,2832.18
2024-12-04,2821.66
2024-12-05,2804.3
2024-12-06,2841.62
2024-12-09,2844.2
2024-12-10,2858.46
2024-12-11,2883.17
2024-12-12,2902.9
2024-12-13,2824.81
2024-12-16,2788.23
2024-12-17,2782.71
2024-12-18,2784.63
2024-12-19,2771.54
2024-12-20,2748.11
2024-12-23,2747.77
2024-12-24,2779.08
2024-12-25,2752.19
2024-12-26,2760.56
2024-12-27,2752.78
2024-12-30,2761.98
2024-12-31,2705.45
2025-01-02,2664.63
2025-01-03,2667.21
2025-01-06,2686.98
2025-01-07,2717.51
2025-01-08,2682.95
2025-01-09,2687.0
2025-01-10,2668.94
2025-01-13,2702.14
2025-01-14,2747.73
2025-01-15,2719.82
2025-01-16,2752.57
2025-01-17,2772.83
2025-01-20,2758.38
2025-01-21,2739.33
2025-01-22,2733.52
2025-01-23,2718.19
2025-01-24,2744.94
2025-01-27,2763.31
2025-02-05,2760.55
2025-02-06,2776.59
2025-02-07,2816.63
2025-02-10,2833.55
2025-02-11,2839.63
2025-02-12,2841.19
2025-02-13,2835.51
2025-02-14,2838.85
2025-02-17,2803.6
2025-02-18,2782.67
2025-02-19,2796.78
2025-02-20,2808.42
2025-02-21,2798.68
2025-02-24,2802.11
2025-02-25,2767.42
2025-02-26,2800.14
2025-02-27,2803.03
2025-02-28,2764.63
2025-03-03,2810.74
2025-03-04,2819.39
2025-03-05,2826.63
2025-03-06,2853.49
2025-03-07,2880.95
2025-03-10,2897.37
2025-03-11,2920.62
2025-03-12,2910.46
2025-03-13,2919.86
2025-03-14,2949.41
2025-03-17,2938.09
2025-03-18,2954.79
2025-03-19,2954.92
2025-03-20,2946.17
2025-03-21,2901.21
2025-03-24,2929.13
2025-03-25,2950.51
2025-03-26,2937.78
2025-03-27,2922.68
2025-03-28,2908.7
2025-03-31,2883.56
2025-04-01,2896.15
2025-04-02,2875.82
2025-04-03,2844.26
2025-04-07,2608.93
2025-04-08,2641.0
2025-04-09,2667.31
2025-04-10,2733.39
2025-04-11,2745.34
2025-04-14,2781.85
2025-04-15,2759.39
2025-04-16,2754.76
2025-04-17,2745.74
2025-04-18,2741.51
2025-04-21,2808.34
2025-04-22,2801.31
2025-04-23,2779.2
2025-04-24,2769.01
2025-04-25,2780.99
2025-04-28,2773.75
2025-04-29,2771.56
2025-04-30,2758.83
2025-05-06,2814.33
2025-05-07,2831.54
2025-05-08,2812.22
2025-05-09,2797.7
2025-05-12,2818.98
2025-05-13,2823.88
2025-05-14,2844.18
2025-05-15,2814.92
2025-05-16,2807.73
2025-05-19,2801.3
2025-05-20,2806.43
2025-05-21,2848.26
2025-05-22,2820.49
2025-05-23,2815.84
2025-05-26,2813.53
2025-05-27,2778.29
2025-05-28,2772.58
2025-05-29,2785.37
2025-05-30,2765.09
2025-06-03,2779.51
2025-06-04,2808.04
2025-06-05,2800.37
2025-06-06,2825.43
2025-06-09,2831.58
2025-06-10,2825.95
2025-06-11,2860.17
2025-06-12,2881.18
2025-06-13,2874.88
2025-06-16,2862.78
2025-06-17,2861.13
2025-06-18,2848.36
2025-06-19,2809.54
2025-06-20,2796.89
2025-06-23,2804.62
2025-06-24,2826.15
2025-06-25,2849.67
2025-06-26,2849.19
2025-06-27,2883.96
2025-06-30,2889.3
2025-07-01,2919.73
2025-07-02,2951.05
2025-07-03,2959.48
2025-07-04,2934.42
2025-07-07,2923.68
2025-07-08,2958.84
2025-07-09,2906.43
2025-07-10,2938.22
2025-07-11,2967.05
2025-07-14,2984.13
2025-07-15,2962.53
2025-07-16,2950.24
2025-07-17,2969.45
2025-07-18,3031.69
2025-07-21,3121.06
2025-07-22,3200.67
2025-07-23,3180.86
2025-07-24,3243.89
2025-07-25,3234.6
2025-07-28,3227.71
2025-07-29,3229.8
2025-07-30,3246.35
2025-07-31,3144.35
2025-08-01,3125.4
2025-08-04,3153.35
2025-08-05,3171.3
2025-08-06,3200.35
2025-08-07,3219.18
2025-08-08,3248.1
2025-08-11,3261.18
2025-08-12,3253.62
2025-08-13,3302.23
2025-08-14,3271.17
2025-08-15,3340.27
2025-08-18,3350.13
2025-08-19,3323.76
2025-08-20,3363.46
2025-08-21,3376.16
2025-08-22,3418.72
2025-08-25,3548.67
2025-08-26,3557.32
2025-08-27,3517.0
2025-08-28,3561.51
2025-08-29,3630.32
2025-09-01,3706.03
2025-09-02,3651.49
2025-09-03,3635.9
2025-09-04,3522.63
2025-09-05,3646.95
2025-09-08,3682.14
2025-09-09,3695.55
2025-09-10,3654.8
2025-09-11,3719.26
2025-09-12,3751.66
2025-09-15,3733.2
2025-09-16,3700.09
2025-09-17,3709.26
2025-09-18,3618.56
2025-09-19,3648.51
2025-09-22,3658.07
2025-09-23,3629.26
2025-09-24,3668.46
2025-09-25,3713.9
2025-09-26,3721.16
2025-09-29,3835.88
2025-09-30,3927.54
2025-10-09,4163.38
2025-10-10,4095.45
2025-10-13,4155.28
2025-10-14,4025.52
2025-10-15,4065.37
2025-10-16,3983.59
2025-10-17,3908.68
2025-10-20,3875.49
2025-10-21,3924.35
2025-10-22,3886.94
2025-10-23,3930.38
2025-10-24,3965.23
2025-10-27,4048.05
2025-10-28,3964.41
2025-10-29,4101.75
2025-10-30,4113.56
2025-10-31,4048.64
2025-11-03,4018.91
2025-11-04,3913.08
2025-11-05,3925.17
2025-11-06,4038.62
2025-11-07,4090.14
2025-11-10,4124.94
2025-11-11,4088.45
2025-11-12,4077.24
2025-11-13,4216.84
2025-11-14,4130.9
2025-11-17,4119.54
2025-11-18,4010.6
2025-11-19,4090.56
2025-11-20,4059.54
2025-11-21,3884.0
2025-11-24,3862.68
2025-11-25,3925.79
2025-11-26,3920.37
2025-11-27,3941.43
2025-11-28,3985.09
2025-12-01,4077.51
2025-12-02,4035.85
2025-12-03,4057.68
2025-12-04,4061.63
2025-12-05,4148.21
2025-12-08,4160.72
2025-12-09,4056.55
2025-12-10,4087.21
2025-12-11,4055.88
2025-12-12,4096.19
2025-12-15,4094.45
2025-12-16,4007.49
2025-12-17,4121.71
2025-12-18,4120.66
2025-12-19,4183.05
2025-12-22,4273.83
2025-12-23,4284.9
2025-12-24,4325.49
2025-12-25,4313.52
2025-12-26,4427.8
2025-12-29,4361.87
2025-12-30,4434.16
2025-12-31,4463.15
2026-01-05,4551.55
2026-01-06,4740.15
2026-01-07,4751.62
2026-01-08,4688.88
2026-01-09,4780.2
2026-01-12,4809.88
2026-01-13,4845.33
2026-01-14,4873.33
2026-01-15,4931.8
2026-01-16,4881.0
2026-01-19,4936.09
2026-01-20,4977.69
2026-01-21,5073.81
2026-01-22,5084.65
2026-01-23,5164.67
2026-01-26,5320.52
2026-01-27,5300.61
2026-01-28,5552.25
2026-01-29,5613.04
2026-01-30,5297.78
2026-02-02,4897.78
2026-02-03,5071.51
2026-02-04,5103.27
2026-02-05,4916.78
2026-02-06,4949.25
2026-02-09,5054.48
2026-02-10,5060.95
2026-02-11,5188.5
2026-02-12,5219.48
2026-02-13,5046.83
2026-02-24,5220.2
2026-02-25,5373.33
2026-02-26,5368.76
2026-02-27,5491.31
2026-03-02,5646.76
2026-03-03,5378.65
2026-03-04,5325.97
2026-03-05,5327.28
2026-03-06,5293.37
2026-03-09,5225.35
2026-03-10,5242.9
2026-03-11,5263.91
2026-03-12,5246.42
2026-03-13,5146.45
2026-03-16,4989.82
2026-03-17,4901.18
2026-03-18,4880.31
2026-03-19,4616.23
2026-03-20,4544.88
2026-03-23,4389.02
2026-03-24,4499.23
2026-03-25,4617.46
2026-03-26,4546.43
2026-03-27,4651.3
2026-03-30,4710.94
2026-03-31,4630.76
2026-04-01,4738.34
2026-04-02,4664.75
2026-04-03,4622.88
2026-04-07,4697.47
2026-04-08,4907.24
2026-04-09,4886.57
2026-04-10,4881.83
2026-04-13,4904.82
2026-04-14,4960.69
2026-04-15,4891.41
2026-04-16,5001.41
2026-04-17,4971.36
2026-04-20,4969.04
2026-04-21,4992.14
2026-04-22,5001.04
2026-04-23,4877.43
2026-04-24,4913.82
2026-04-27,4873.9
2026-04-28,4823.77
2026-04-29,4993.92
2026-04-30,4941.56
2026-05-06,5087.23
2026-05-07,5062.4
2026-05-08,5047.73
2026-05-11,5045.96
2026-05-12,5026.96
2026-05-13,5055.78
2026-05-14,4904.6
2026-05-15,4743.11
2026-05-18,4666.98
2026-05-19,4614.55
2026-05-20,4611.15
2026-05-21,4507.53
2026-05-22,4637.09
2026-05-25,4641.33
2026-05-26,4761.65
2026-05-27,4599.92
2026-05-28,4578.01
2026-05-29,4492.71
2026-06-01,4478.55
2026-06-02,4572.03
2026-06-03,4578.86
2026-06-04,4460.31
2026-06-05,4403.91
2026-06-08,4201.41
2026-06-09,4307.89
2026-06-10,4272.54
2026-06-11,4325.63
2026-06-12,4482.97
2026-06-15,4682.28
2026-06-16,4658.49
2026-06-17,4658.29
2026-06-18,4616.56
2026-06-22,4851.3
2026-06-23,4567.22
2026-06-24,4651.89
2026-06-25,4589.43
2026-06-26,4460.15
2026-06-29,4482.51
2026-06-30,4456.13
2026-07-01,4487.87
2026-07-02,4486.16
2026-07-03,4509.56
2026-07-06,4454.0
2026-07-07,4319.11
2026-07-08,4189.22
2026-07-09,4182.56
2026-07-10,4163.55
2026-07-13,4002.46
2026-07-14,4189.15
2026-07-15,4132.51
2026-07-16,4061.87
2026-07-17,3931.57
2026-07-20,3935.61
2026-07-21,4068.0
2026-07-22,4154.32
2026-07-23,4259.47
2026-07-24,4085.71
2026-07-27,4177.84
2026-07-28,4110.33
2026-07-29,4175.94
2026-07-30,4168.04
2026-07-31,4206.34
2026-08-03,4172.94
2026-08-04,4201.91
2026-08-05,4376.47
2026-08-06,4422.55
2026-08-07,4528.62
2026-08-10,4596.34
2026-08-11,4424.4
2026-08-12,4451.73
2026-08-13,4312.61
2026-08-14,4349.26
